{
  "version": "2.0",
  "accuracy": 0.9825918762088974,
  "precision": 0.9884393063583815,
  "recall": 0.8724489795918368,
  "f1_score": 0.926829268292683,
  "fp_rate": 0.0014760147601476014,
  "confusion_matrix": [
    [
      1353,
      2
    ],
    [
      25,
      171
    ]
  ],
  "features": 3000,
  "trees": 100,
  "ngrams": "(1,2)",
  "calibrated": true,
  "training_samples": 3618,
  "test_samples": 1551,
  "unique_messages": 5169
}